Sl. No.,Year,District,Shishu - Number of Loan Accounts,Shishu - Disbursed Amount,Kishor - Number of Loan Accounts,Kishor - Disbursed Amount,Tarun - Number of Loan Accounts,Tarun - Disbursed Amount,Total - Number of Loan Accounts,Total - Disbursed Amount,Scheduled Caste (SC) - Number of Loan Accounts,Scheduled Caste (SC) - Disbursed Amount,Scheduled Tribe (ST) - Number of Loan Accounts,Scheduled Tribe (ST) - Disbursed Amount,Other Backward Class (OBC) - Number of Loan Accounts,Other Backward Class (OBC) - Disbursed Amount,Women Entrepreneurs (Out of Total) - Number of Loan Accounts,Women Entrepreneurs (Out of Total) - Disbursed Amount,New to Bank Entrepreneurs/Accounts (Out of Total) - Number of Loan Accounts,New to Bank Entrepreneurs/Accounts (Out of Total) - Disbursed Amount
1,2016-17,Araria,102547,265.47,1345,27,266,21.3,104158,313.77,5567,17.3,2093,6.57,66085,183.27,86571,231.98,16236,63.92
2,2016-17,Arwal,10489,22.91,1453,23.1,110,8.76,12052,54.77,1236,6.24,146,0.56,7479,19.41,5093,22.34,7756,34.64
3,2016-17,Aurangabad,72803,101.02,5179,67.07,605,46.54,78587,214.63,14913,35.7,1554,4.11,24899,70.24,45046,138.78,23621,95.5
4,2016-17,Banka,62658,136.46,804,16.32,158,12.64,63620,165.42,7721,16.58,1238,2.99,40426,89.81,46827,107.01,12537,35.69
5,2016-17,Begusarai,248155,546.86,2022,43.84,559,46.01,250736,636.71,20873,49.63,4887,11.26,171443,383.33,201434,451.76,57284,168.76
6,2016-17,Bhagalpur,100921,238.85,2751,56.96,707,56.2,104379,352.01,7408,18.84,2995,7.04,66584,171.97,81804,206.58,24302,102.16
7,2016-17,Bhojpur,81971,146.58,5526,60.86,402,29.52,87899,236.96,10930,20.92,1963,3.89,57953,130.81,56068,190.57,26109,99.81
8,2016-17,Buxar,47163,101.52,4431,59.01,354,29.27,51948,189.8,7140,18.74,1601,4.49,33082,90.05,39893,138.98,18633,104.64
9,2016-17,Darbhanga,122060,267.68,2736,62.31,637,50.12,125433,380.11,19172,46.76,3490,7.59,69905,165.26,106353,234.74,37092,141.06
10,2016-17,East champaran,169549,392.53,1887,47.36,592,51.86,172028,491.75,17533,43.33,4935,10.44,102544,246.13,135784,319.29,43781,142.92
11,2016-17,Gaya,98567,212.31,10192,139.01,723,57.18,109482,408.5,19073,45.7,3319,9.58,59319,174.32,93068,256.94,41281,196.6
12,2016-17,Gopalganj,54656,142.26,890,24.4,284,23.93,55830,190.59,7057,21.19,1236,3.97,32917,88.45,36023,93.81,9636,43.35
13,2016-17,Jamui,30425,68.72,988,20.84,187,15.74,31600,105.3,8836,20.41,2160,4.44,12490,34.74,28201,68.77,13563,42.1
14,2016-17,Jehanabad,26014,60.96,3561,37.8,243,19.5,29818,118.26,1997,5.63,356,1.27,15753,55.58,25499,71.47,11423,59.54
15,2016-17,Kaimur,45825,88.47,3417,43.2,241,18.72,49483,150.39,13975,30.52,1750,2.72,22126,65.99,33984,93.37,12530,64.76
16,2016-17,Katihar,104003,235.52,1191,29.8,355,30.12,105549,295.44,12792,28.95,2772,6.44,47495,118.82,93505,213.85,20020,71.54
17,2016-17,Khagaria,71284,158.53,902,18.43,298,24.33,72484,201.29,5483,13.45,1294,3.04,54425,128.25,60865,141.85,24336,71.63
18,2016-17,Kishanganj,109529,283.23,1107,17.71,91,7.59,110727,308.53,10035,28.39,2529,6.02,42040,131.22,97388,256.18,12481,41.29
19,2016-17,Lakhisarai,25697,59.4,543,11.97,117,9.27,26357,80.64,3485,8.93,564,1.59,11475,31.45,24005,59.78,7070,23.33
20,2016-17,Madhepura,33267,85.64,1062,25.97,211,18.41,34540,130.02,2782,9.16,471,1.46,21911,60.95,28450,76.31,7130,31.11
21,2016-17,Madhubani,65854,134.21,2766,48.19,352,28.32,68972,210.72,7924,17.69,4616,8.88,32371,78.4,50771,98.91,22356,88.51
22,2016-17,Munger,49846,119.44,1024,22.24,257,20.13,51127,161.81,3986,11.22,986,2.7,31301,82.28,47397,119.11,12780,44.3
23,2016-17,Muzaffarpur,229939,529.2,5442,102.43,922,74.4,236303,706.03,36025,83.32,7087,15.6,130755,329.46,181950,424.46,48194,211.47
24,2016-17,Nalanda,62603,152.54,9977,106.55,444,35.2,73024,294.29,8802,27.26,1867,5.45,40402,144.37,65384,194.01,25524,132.57
25,2016-17,Nawada,59258,125.27,4298,47.09,266,22.3,63822,194.66,12872,28.29,1984,4.8,33213,87.22,56691,145.57,23050,84.65
26,2016-17,Other,151578,261.1,146,3.36,12,0.84,151736,265.3,4106,8.49,1096,2.33,33282,70.64,151587,261.21,NA,NA
27,2016-17,Patna,285627,681,16940,316.68,3432,271.3,305999,1268.98,29418,77.19,7003,19.41,182570,551.86,243112,649.7,74043,492.17
28,2016-17,Purnia,128330,282.52,2412,54.67,634,52.99,131376,390.18,10936,26.27,3548,7.9,71226,187.97,111017,248.34,30005,127.49
29,2016-17,Rohtas,97089,190.88,5658,85.75,849,68.21,103596,344.84,19986,44.5,3339,7.08,57232,142.48,73212,195.35,27856,126.77
30,2016-17,Saharsa,42079,104.69,1105,23.69,270,22.93,43454,151.31,1815,6.76,636,2.33,24745,68.25,39738,90.56,11612,48.37
31,2016-17,Samastipur,200340,469.2,3952,59.27,443,36.29,204735,564.76,35093,93.32,7949,18.51,123660,295.88,149090,367.53,35382,117.69
32,2016-17,Saran,177570,470.06,2039,44.77,428,35.11,180037,549.94,30460,89.17,6831,21.53,112313,289.43,147428,396.6,34199,109.13
33,2016-17,Sheikhpura,9938,25.1,591,12.37,123,9.47,10652,46.94,979,3.52,219,0.7,6240,21.43,8306,26.01,3334,17.93
34,2016-17,Sheohar,3605,7.22,521,10.08,61,4.76,4187,22.06,197,0.44,31,0.06,1501,5.08,3167,6.75,1721,13.74
35,2016-17,Sitamarhi,46607,117.03,1648,39.23,339,26.9,48594,183.16,7099,20.03,980,2.92,23411,66.46,33789,89.54,10441,61.48
36,2016-17,Siwan,101875,272.03,1831,41.64,549,43.29,104255,356.96,14982,47.84,4451,13.82,61777,174.6,90570,250.55,25690,101.17
37,2016-17,Supaul,16582,38.38,1175,24.4,202,16.64,17959,79.42,506,2.58,589,2.05,9743,28.14,14899,33.39,7586,35.31
38,2016-17,Vaishali,177254,407.26,1549,35.67,463,38.09,179266,481.02,34939,87.62,7754,18.02,92394,215.5,150954,346.61,28163,95.22
39,2016-17,West champaran,99108,223.84,1431,33.13,373,31.37,100912,288.34,12162,29.75,2865,6.97,61320,145.86,84792,190.7,32418,102
Total,2016-17,Total,3622665,8225.89,116492,1944.17,17559,1415.55,3756716,11585.61,470295,1191.63,105184,260.53,2089807,5425.36,3029715,7509.26,881175,3644.32
1,2017-18,Araria,102386,260.01,6806,80.3,421,30.14,109613,370.45,7338,20.19,2459,7.28,60012,194.71,87841,244.55,22430,114.49
2,2017-18,Arwal,8104,19,1929,39.39,127,9.84,10160,68.23,1078,3.58,261,0.75,5180,27.34,5040,24.1,3247,41.69
3,2017-18,Aurangabad,75673,195.04,6391,119.01,593,45.81,82657,359.86,23883,67.03,3175,8.14,27508,111.23,72931,243.43,29421,168.96
4,2017-18,Banka,57188,140.96,2591,33.8,195,15.79,59974,190.55,7544,18.62,1770,4.31,37405,100.7,47954,121.37,15789,52.75
5,2017-18,Begusarai,253886,603.64,6848,85.63,812,61.74,261546,751.01,29622,76.4,7988,18.32,168373,423.55,211957,508.83,64429,227.93
6,2017-18,Bhagalpur,112361,273.05,6509,91.57,914,73.07,119784,437.69,10765,26.74,4830,10.92,65347,186.17,107259,281.34,33147,152.04
7,2017-18,Bhojpur,61884,170.39,5455,94.37,621,45.98,67960,310.74,9332,26.32,2304,6.37,42705,149.04,55699,180.59,20711,142.79
8,2017-18,Buxar,41054,112.23,4499,80.2,554,42.97,46107,235.4,9993,29.4,1739,4.37,26260,97.73,39081,133.33,17050,127.38
9,2017-18,Darbhanga,131781,301.82,7697,175.54,795,60.54,140273,537.9,28201,72.4,6821,15.65,73058,256.34,113327,268.17,37647,255.58
10,2017-18,East champaran,228310,547.05,6215,88.94,823,64.6,235348,700.59,32892,82.44,11816,25.31,138856,350.35,179646,457.6,64866,225.26
11,2017-18,Gaya,107071,261.92,8486,152.08,923,72.39,116480,486.39,25000,65,9909,22.89,47265,160.89,99050,284.4,42569,239.15
12,2017-18,Gopalganj,77003,211.85,2536,41.75,437,35.02,79976,288.62,10928,32.6,2858,7.49,47727,140.56,57964,161.53,16437,78.72
13,2017-18,Jamui,38110,91.75,2411,29.23,256,21.1,40777,142.08,14432,35.71,4856,9.89,12136,40.45,39099,100.72,14581,49.57
14,2017-18,Jehanabad,19498,54.27,3488,62.01,264,20.44,23250,136.72,1864,6.39,642,1.98,8858,46.31,20076,76.89,7261,79.16
15,2017-18,Kaimur,48262,124.58,4664,84,460,35.99,53386,244.57,17607,46.67,2411,5.9,21859,85.11,44181,145.05,12920,109.05
16,2017-18,Katihar,121471,289.88,6041,97.59,507,39.9,128019,427.37,13603,35.21,5082,12.73,62360,194.48,111223,279.86,35310,158.07
17,2017-18,Khagaria,72332,173.54,3637,42.65,413,33.31,76382,249.5,7785,19.4,3050,7,47798,130.75,70423,177.59,24676,89.17
18,2017-18,Kishanganj,98544,267.6,9595,89.94,228,15.17,108367,372.71,11698,34.87,3362,8.97,31839,136.25,93106,282.46,13239,76.87
19,2017-18,Lakhisarai,29829,71.23,1650,18.31,120,9.75,31599,99.29,3891,11.43,806,2.28,17078,43.55,28756,75.26,8156,27.58
20,2017-18,Madhepura,45478,112.06,2448,44.4,340,26.04,48266,182.5,4177,11.17,1279,2.75,27540,85.14,39529,103.13,14998,72.57
21,2017-18,Madhubani,89983,183.48,2744,58.95,543,42.44,93270,284.87,17735,34.6,9604,18.8,40857,102.38,75398,151.17,32435,149.32
22,2017-18,Munger,48404,118.36,2805,37.47,386,30.36,51595,186.19,5396,14.24,1183,3.35,30325,86.45,48046,128.87,13077,60.08
23,2017-18,Muzaffarpur,264032,661.54,10218,164.05,1554,117.6,275804,943.19,44561,115.97,12083,28.14,147781,430.61,221920,577.86,65064,327.67
24,2017-18,Nalanda,79572,220.74,7381,128.37,665,50.37,87618,399.48,16298,49.29,4506,11.4,42680,162.65,55011,179.45,23489,161.07
25,2017-18,Nawada,49886,123.97,5502,84.01,386,31.27,55774,239.25,11552,30.7,7086,15.23,22544,88.31,51175,162.01,19484,118.4
26,2017-18,Other,302181,247.23,7852,253.01,2392,165.23,312425,665.47,47778,16.98,6391,11.88,209733,248.72,104792,234.04,37679,21.68
27,2017-18,Patna,282271,710.4,24394,436.04,4454,340.8,311119,1487.24,36906,97.51,10326,27.45,171058,560.97,263367,778.31,85241,675.66
28,2017-18,Purnia,134622,339.34,6386,123.33,981,77.76,141989,540.43,13842,36.8,5022,14.62,71789,229.63,122535,327.6,36741,215.87
29,2017-18,Rohtas,88636,235.4,7959,132.29,943,73.19,97538,440.88,21896,61.14,4034,10.38,51535,182.52,81609,264.99,24510,191
30,2017-18,Saharsa,57933,133.2,3431,72.61,332,26.88,61696,232.69,4811,11.6,1955,4.94,32350,117.3,53992,133.95,16153,102.43
31,2017-18,Samastipur,226715,577.15,11447,174.53,605,46.15,238767,797.83,44507,125.77,11817,28.76,132038,360.8,176871,528.49,40127,159.82
32,2017-18,Saran,160347,442.18,8348,91.71,738,55.9,169433,589.79,36231,105,7960,24.44,93997,277.4,160753,467.2,38803,154.74
33,2017-18,Sheikhpura,8532,25.49,1478,22.38,169,12.81,10179,60.68,2530,6.87,189,0.68,4878,22.33,8717,29.69,3443,24.68
34,2017-18,Sheohar,6333,12.97,606,12.29,77,5.97,7016,31.23,108,0.43,11,0.02,1284,5.65,5878,11.58,3135,19.23
35,2017-18,Sitamarhi,60425,136.74,4390,70.18,618,44.48,65433,251.4,13156,31.17,3289,6.58,28295,78.02,48508,119.17,20910,126.19
36,2017-18,Siwan,109168,305.76,4965,70.09,697,52.54,114830,428.39,21397,64.42,7592,21.69,64685,202.99,97245,287.88,31861,140.01
37,2017-18,Supaul,28735,64.22,3040,66.9,280,21.13,32055,152.25,3805,7.76,1253,2.81,13344,75.57,26667,60.19,12769,94.77
38,2017-18,Vaishali,186050,463.09,5834,74.08,762,57.29,192646,594.46,41505,111.26,9843,22.91,96192,251.09,157081,406.35,33959,147.55
39,2017-18,West champaran,149484,363.63,5640,67.51,626,47.68,155750,478.82,25691,65.78,8302,18.72,86770,235.13,127202,325.18,50282,186.98
Total,2017-18,Total,4063534,9646.76,224316,3690.51,27011,2059.44,4314861,15396.71,681338,1708.86,189864,456.1,2311299,6679.17,3410909,9324.18,1088046,5565.93
1,2018-19,Araria,157061,409.36,18661,171.98,581,42.27,176303,623.61,14327,40.86,4588,14.32,75479,269.02,132448,428.44,27192,147.3
2,2018-19,Arwal,16506,42.56,2632,36.04,168,13.43,19306,92.03,2684,10.31,963,2.47,8142,36.8,9121,38.71,4449,45.31
3,2018-19,Aurangabad,68421,187.11,6400,120.04,750,56.57,75571,363.72,18184,54.55,3718,9.91,26266,97.68,49722,194.42,17425,151.31
4,2018-19,Banka,72514,190.63,5435,59.28,388,29.24,78337,279.15,10208,27.72,1841,5.33,44609,134.55,59805,182.77,15609,72.38
5,2018-19,Begusarai,293245,756.69,11719,121.49,4965,82.43,309929,960.61,37611,98.35,15464,40.57,181476,493.51,224315,650.02,58828,228.17
6,2018-19,Bhagalpur,130024,348.85,13132,145.29,1239,95.86,144395,590,11648,33.44,6067,15.65,72143,235.03,119509,388.48,29513,162.05
7,2018-19,Bhojpur,54164,151.15,8773,142.6,745,52.34,63682,346.09,7676,23.32,2581,7.18,36812,134.34,48591,184.61,19553,179.37
8,2018-19,Buxar,39069,111.19,6931,103.51,568,44.08,46568,258.78,7741,26.1,2087,5.79,24342,94.64,38243,141.35,16164,123.95
9,2018-19,Darbhanga,182976,474.76,11205,183.21,826,63.01,195007,720.98,42082,120.44,11189,28.77,80248,294.32,139481,398.62,37702,239.67
10,2018-19,East champaran,318708,856.59,15613,153.95,1077,83.41,335398,1093.95,46818,128.81,18189,48.42,163007,479.4,247815,734.27,78948,276.13
11,2018-19,Gaya,123347,314.03,10115,171.31,1119,86.84,134581,572.18,29461,78.89,9547,24.55,44927,155.52,98160,317.26,38620,242.49
12,2018-19,Gopalganj,103172,283.83,10247,171.9,518,41.66,113937,497.39,12466,43.16,5180,15.39,57821,250.15,75325,246.51,28401,199.07
13,2018-19,Jamui,58785,155.57,5220,48.41,341,28.27,64346,232.25,20673,59.32,8057,20.36,18980,67.28,51625,157.58,18844,63.29
14,2018-19,Jehanabad,23140,68.36,4430,70.72,284,21.52,27854,160.6,2938,8.75,1120,2.93,9377,44.38,21637,91.9,6073,71.31
15,2018-19,Kaimur,52348,144.47,5967,102.58,505,38.42,58820,285.47,15219,43.02,2169,5.66,27483,95.45,42260,156.17,9051,109.28
16,2018-19,Katihar,135384,364.81,12138,133.33,607,47.19,148129,545.33,11675,38.01,5981,16.99,63553,216.59,123525,380.61,31855,156.87
17,2018-19,Khagaria,91736,248.83,5910,57.96,1366,45.46,99012,352.25,9278,25.89,3109,8.03,59167,181.64,85194,256.64,20970,87.58
18,2018-19,Kishanganj,111667,326.71,19355,174.74,328,23.27,131350,524.72,11984,41.8,3348,11.44,32542,171.93,109371,388.1,12540,102.99
19,2018-19,Lakhisarai,31030,82.7,2847,25.77,175,13.68,34052,122.15,3396,11.45,1440,3.95,17834,52.26,26907,85.78,5015,21.07
20,2018-19,Madhepura,65415,168.78,7514,85.59,524,38.99,73453,293.36,5020,15.66,3579,7.78,38939,141.47,55820,174.65,19071,98.87
21,2018-19,Madhubani,192128,462.31,5374,109.32,773,59.32,198275,630.95,34928,80.47,18842,40.43,76878,238.61,147358,365.74,51575,238.23
22,2018-19,Munger,61427,160.33,6668,68.55,560,42.4,68655,271.28,7190,21.76,1317,3.83,37818,115.14,54874,174.42,15427,73.86
23,2018-19,Muzaffarpur,286490,784.54,20223,246.76,4078,159.36,310791,1190.66,48940,138.87,18058,47.76,137641,452.24,226419,707.73,46744,325.43
24,2018-19,Nalanda,57581,151.68,7290,115.09,1669,70.77,66540,337.54,12580,36.42,5322,13.21,25646,103.71,56494,194.73,17789,142.32
25,2018-19,Nawada,66965,171.35,7020,101.49,586,44.5,74571,317.34,20097,51.36,8044,19.61,25029,104.45,56989,189.06,19395,134.2
26,2018-19,Other,870274,1948.67,34353,708.6,5575,358.01,910202,3015.28,97069,136.32,28157,42.75,269719,424.63,49854,152.33,55248,71.55
27,2018-19,Patna,294590,793.79,33466,509.53,6649,444.8,334705,1748.12,46019,126.3,14014,40.11,163145,608.43,271913,915.74,87596,697.12
28,2018-19,Purnia,170173,468.86,12872,157.78,1601,121.93,184646,748.57,15194,46.22,7419,22.29,80337,291.84,149866,478.26,35639,234.76
29,2018-19,Rohtas,111530,310.25,11846,154.42,1163,87.68,124539,552.35,25564,77.36,5703,15.16,63735,234.9,95624,331.61,25593,176.9
30,2018-19,Saharsa,72186,193.5,5444,81.53,577,45.95,78207,320.98,8122,21,3127,8.1,35028,137.73,63913,201.07,17023,108.53
31,2018-19,Samastipur,284913,745.96,23316,345.3,5693,71.63,313922,1162.89,59769,181.75,16892,46.7,151285,452.26,201762,792.18,37958,167.39
32,2018-19,Saran,202906,590.36,23772,191.03,907,70.25,227585,851.64,41152,141.42,11137,37.38,117763,386.41,180716,626.61,45948,184.35
33,2018-19,Sheikhpura,7470,21.18,2156,25.43,235,18.65,9861,65.26,1178,5.1,145,0.56,5367,24.4,5199,26.2,1644,18.61
34,2018-19,Sheohar,15752,39.36,1017,25.03,102,8.23,16871,72.62,2837,7.17,855,2.19,5523,24.87,15505,40.89,6268,38.62
35,2018-19,Sitamarhi,105381,264.79,10477,176.01,790,57.79,116648,498.59,23520,63.09,4611,11.78,45412,195.54,79790,225.46,27445,212.43
36,2018-19,Siwan,120506,351.72,16220,160.27,808,59.61,137534,571.6,21806,76.98,8981,29.62,69190,266.79,115800,403.34,41024,182.91
37,2018-19,Supaul,45358,119.17,4535,87.06,448,32.63,50341,238.86,5907,16.52,1391,3.62,18204,90.26,37395,111.23,13568,109.76
38,2018-19,Vaishali,213416,581.16,16193,166.6,4904,83.5,234513,831.26,48201,146.32,13092,35.38,103134,323.78,172402,543.08,34599,175.61
39,2018-19,West champaran,199599,526.73,10869,146.05,736,55.13,211204,727.91,34566,98.58,13187,36.7,104460,343.33,167959,483.09,53544,241.93
Total,2018-19,Total,5507357,14372.69,437355,5855.55,54928,2840.08,5999640,23068.32,875728,2402.86,290511,752.67,2618461,8465.28,3908706,12559.66,1129850,6312.97
1,2019-20,Araria,211177,604.52,11327,115.34,585,41.73,223089,761.59,19459,57.32,5819,17.64,86205,293.59,156870,496.37,24302,128.08
2,2019-20,Arwal,13394,39.09,2123,22.2,133,10.41,15650,71.7,2678,8.39,951,2.89,5819,25.02,7267,31.12,1337,17.23
3,2019-20,Aurangabad,80613,239.98,7014,70.61,578,44.49,88205,355.08,22759,78.46,5287,16.1,30512,104.17,52371,190.47,12064,68.54
4,2019-20,Banka,84489,236.4,6606,76.75,351,25.97,91446,339.12,9901,30.45,3352,9.58,54245,181.16,68349,227.61,17472,91.91
5,2019-20,Begusarai,268889,769.89,29322,234.79,1115,84.39,299326,1089.07,43306,139.29,14006,41.79,178565,582.41,227318,748.97,33502,192.32
6,2019-20,Bhagalpur,132471,394.47,11561,135.04,1360,105.54,145392,635.05,14090,45.14,6883,21.14,69772,249.17,118839,411.27,25115,162.1
7,2019-20,Bhojpur,42644,134.68,6095,68.36,921,62.59,49660,265.63,6174,23.38,2643,8.49,24497,102.98,35734,138.51,9890,86.89
8,2019-20,Buxar,33371,102.09,5228,58,599,45.45,39198,205.54,7042,23.48,1940,5.88,16730,70.61,32696,124.72,6596,57.16
9,2019-20,Darbhanga,215838,623.43,20331,193.99,1013,76.5,237182,893.92,49332,153.98,16605,49.67,96832,349.39,167222,568,32144,171.93
10,2019-20,East champaran,349697,1052.22,27286,224.57,1323,101.45,378306,1378.24,59679,194.36,24526,77.84,176080,604.89,270681,901.2,58190,245.25
11,2019-20,Gaya,136583,403.73,12736,152.28,1161,90.55,150480,646.56,40876,129.02,10634,33.79,45703,168.93,108949,375.98,27944,166.96
12,2019-20,Gopalganj,128290,387.07,13628,114.71,612,47.17,142530,548.95,17075,55.7,9800,28.67,69242,253.62,102991,363.11,24351,105.75
13,2019-20,Jamui,65405,199.05,4736,41.27,312,26.14,70453,266.46,21672,70.93,8477,25.69,22707,79.65,59037,189.57,9911,44.01
14,2019-20,Jehanabad,20375,67.01,2714,27.88,246,19.35,23335,114.24,3150,10.3,1212,3.76,8597,36.93,18824,71.04,2909,25.08
15,2019-20,Kaimur,54230,162.79,5143,49.41,504,37.71,59877,249.91,18210,58.53,3121,9.5,26149,92.83,45339,156.35,5250,38.2
16,2019-20,Katihar,166633,487.82,14256,132.81,724,56.34,181613,676.97,16156,50.33,7265,23.99,73925,252.63,158043,523.98,31249,139.68
17,2019-20,Khagaria,111310,319.23,8477,68.8,517,40.86,120304,428.89,12009,37.1,3817,11.07,69458,225.03,95877,303.47,17110,74.7
18,2019-20,Kishanganj,133346,400.2,8173,85.24,337,23.81,141856,509.25,10042,32.01,3483,14.15,23719,96.27,93513,316.48,9047,67.31
19,2019-20,Lakhisarai,30310,90.41,2276,21.89,186,15.01,32772,127.31,3214,10.81,1087,3.68,18119,56.5,24185,85.29,3906,25.33
20,2019-20,Madhepura,110395,321.99,7114,82.32,538,41.32,118047,445.63,10539,31.42,7357,20.15,55535,208.84,93634,308.85,17209,90.09
21,2019-20,Madhubani,270282,765.97,20937,199.26,956,71.37,292175,1036.6,52094,157.78,25793,80.19,115175,384.53,212852,689.11,32376,168.73
22,2019-20,Munger,62583,180.59,6484,73.69,651,49.82,69718,304.1,7486,25.19,1637,5.28,38783,132.5,57196,198.89,14234,85.31
23,2019-20,Muzaffarpur,275296,857.02,29997,328.28,2475,183.59,307768,1368.89,56683,189.7,21253,68.7,135237,546.11,214588,781.56,37692,303.77
24,2019-20,Nalanda,51111,155.96,5219,67.37,952,71.27,57282,294.6,13262,42,4553,14.07,18880,84.54,46178,166.31,11199,84.18
25,2019-20,Nawada,79191,235.24,7704,66.14,598,45.15,87493,346.53,27947,86.66,7959,25.02,24682,94.33,62019,208.77,10476,64.18
26,2019-20,Other,1029543,2846.99,14771,305.47,7228,439.32,1051542,3591.78,113784,184.06,27454,45.08,257618,445.12,1675,24.7,72004,114.56
27,2019-20,Patna,257006,768.54,34966,504.31,6553,477.58,298525,1750.43,50541,160.86,13855,41.89,130730,593.9,237549,864.95,49657,562.64
28,2019-20,Purnia,196812,596.95,16088,189.31,2054,149.75,214954,936.01,16904,58.14,8670,29.12,84439,362.27,157546,561.62,27448,226.32
29,2019-20,Rohtas,117076,347.72,11779,123.14,1193,86.32,130048,557.18,33262,104.89,6276,18.9,59798,221.76,105561,365.57,17416,114.47
30,2019-20,Saharsa,93540,267.4,9083,94,663,51.55,103286,412.95,12289,36.4,4318,13.13,45180,170.23,77817,273.07,11484,73.48
31,2019-20,Samastipur,308193,904.87,23057,199.08,869,67.27,332119,1171.22,73643,232.2,21650,68.57,146995,470.19,213554,727.64,36140,179.44
32,2019-20,Saran,200439,628.02,28523,211.23,967,76.64,229929,915.89,41425,145.22,14872,48.07,112065,404.06,181426,659.9,29487,136.7
33,2019-20,Sheikhpura,12999,37.79,3188,29.39,237,17.74,16424,84.92,3148,12.33,576,2.5,8726,34.88,11983,45.91,4754,23.16
34,2019-20,Sheohar,19347,59.28,1604,22.98,134,10.59,21085,92.85,4646,14.91,1456,5.39,7951,30.98,18461,60.88,2870,21.29
35,2019-20,Sitamarhi,162263,462.63,13868,155.53,913,65.72,177044,683.88,35088,109.33,7923,24.54,69314,251.23,120796,418.02,27583,149.38
36,2019-20,Siwan,119680,369.54,18104,154.23,920,65.78,138704,589.55,20155,76.77,7488,28.19,64741,256.56,113002,426.15,29898,132.43
37,2019-20,Supaul,80268,232.88,5784,67.19,520,36.99,86572,337.06,7769,23.45,2539,7.8,36089,135.13,61233,207.7,14022,81.57
38,2019-20,Vaishali,225110,663.12,24162,206,1047,78.63,250319,947.75,58082,189.9,18547,57.58,98506,351.78,184014,636.58,21952,141.79
39,2019-20,West champaran,215884,651.62,21925,186.31,977,71.01,238786,908.94,37158,123.78,18021,57.41,118648,431.76,182494,645.37,29691,149.45
Total,2019-20,Total,6166083,18068.2,503389,5159.17,43022,3112.87,6712494,26340.24,1052729,3213.97,353105,1066.9,2725968,9436.48,4197683,14495.06,849881,4811.37
1,2020-21,Araria,139379,331.9,26035,268.05,799,55.32,166213,655.27,16004,43.04,4677,11.93,63472,240.76,117945,391.12,13070,89.76
2,2020-21,Arwal,11023,34.2,2023,18.08,116,8.8,13162,61.08,3298,12.51,499,1.19,5418,21.94,5414,17.21,1643,10.61
3,2020-21,Aurangabad,87929,261.16,11924,129.34,864,56.21,100717,446.71,18867,70.77,4247,13.59,34104,140.22,43009,169.21,11590,83.38
4,2020-21,Banka,67910,169.64,10044,101.8,382,24.92,78336,296.36,10217,29.04,4113,10.89,43457,143.33,58022,190.09,10379,61.75
5,2020-21,Begusarai,199307,561.14,36685,314.26,1322,94.3,237314,969.7,33785,111.12,11096,33.85,138895,501.91,189029,660.81,20612,133.46
6,2020-21,Bhagalpur,97835,259.94,24754,269.13,1345,95.28,123934,624.35,11360,36.11,5704,15.37,60099,241.85,100059,393.93,12120,106.27
7,2020-21,Bhojpur,35185,104.62,9079,100.13,948,64.12,45212,268.87,5198,21.94,1897,6.44,25383,112.02,31797,127.88,11493,90.15
8,2020-21,Buxar,28655,75.66,6221,66.02,599,42.36,35475,184.04,6500,20.38,1895,5,16630,68.06,21393,71.12,4913,43.12
9,2020-21,Darbhanga,163293,487.02,36658,343.84,1178,84.52,201129,915.38,39722,137.97,16705,56.09,91023,389.24,143494,567.04,20865,141.48
10,2020-21,East champaran,253256,705.72,36257,332.66,1444,101.25,290957,1139.63,51267,156.25,21344,57.06,141931,526.45,202704,672.24,34547,187.1
11,2020-21,Gaya,103690,297.97,20488,224,1349,98.93,125527,620.9,38302,132.69,8266,26.19,46125,192.86,82322,316.11,20918,151.07
12,2020-21,Gopalganj,86255,265.85,17640,174.08,685,45.08,104580,485.01,13554,50.56,7607,25.13,55392,236.78,71424,286.11,8479,59.08
13,2020-21,Jamui,51860,124.17,11330,102.44,356,27.29,63546,253.9,13835,38.98,7130,17.96,23604,83.23,56682,191.64,8178,38.94
14,2020-21,Jehanabad,16643,51.44,6580,61.7,228,16.39,23451,129.53,3079,11.3,858,3.21,9561,46.74,19384,89.13,2969,20.88
15,2020-21,Kaimur,41713,101.94,6599,66.18,493,36.79,48805,204.91,13930,41.7,2423,5.33,22169,79.57,35306,110.76,5209,40.75
16,2020-21,Katihar,121459,279.18,23992,256.62,720,51.65,146171,587.45,14353,35.1,5694,17.48,58251,205.12,118735,413.47,17136,85.75
17,2020-21,Khagaria,73892,203.68,13300,126.45,435,31.9,87627,362.03,9485,29.49,2969,8.79,51058,189.42,68398,245.75,8678,45.73
18,2020-21,Kishanganj,89926,169.24,16216,178.89,382,25.43,106524,373.56,8337,17.92,2111,7.44,18093,69.61,66894,188.33,2750,25.58
19,2020-21,Lakhisarai,18915,56.3,4907,50.26,228,16.26,24050,122.82,2452,9.08,775,2.4,12040,47.75,20385,85.59,3856,23.32
20,2020-21,Madhepura,90245,241.13,16158,167.21,563,37.82,106966,446.16,11069,33.92,5656,16.96,51889,211.35,76050,275.66,11083,70.5
21,2020-21,Madhubani,199306,541.52,32660,287.91,1154,74.46,233120,903.89,45344,132.54,21552,59.32,102048,395.27,165544,569.13,20181,121.67
22,2020-21,Munger,40081,101.7,12466,129.81,543,36.04,53090,267.55,6914,21.03,1300,3.97,27422,104.35,42870,175.37,6682,47.13
23,2020-21,Muzaffarpur,225391,677.76,44499,460.32,2443,168.11,272333,1306.19,47526,168.81,14995,50.73,134503,557.04,157445,636.06,27807,215.75
24,2020-21,Nalanda,37201,102.95,10541,118.49,900,66.21,48642,287.65,9971,33.16,2771,9.51,18522,88.81,38219,150.93,8154,67.87
25,2020-21,Nawada,53160,150.5,11932,118.57,645,45.89,65737,314.96,20806,69.71,5844,19.06,20908,87.32,49612,195.08,5345,61.04
26,2020-21,Other,703259,2256.77,25193,627.19,7077,428.44,735529,3312.4,48303,67.63,10570,15.19,124461,188.11,2568,34.77,27686,43.19
27,2020-21,Patna,190439,540.5,53992,695.65,7413,516.2,251844,1752.35,38758,128.32,9267,29.2,112715,564.47,196455,819.44,33239,493.66
28,2020-21,Purnia,131256,349.36,25850,292.74,1806,125.87,158912,767.97,14358,44.5,6200,18.37,65731,284.33,109497,417.58,15912,145.73
29,2020-21,Rohtas,83065,222.77,15119,154.82,1301,95.57,99485,473.16,24162,74.43,4981,13.07,46876,176.04,79033,274.33,11503,85.12
30,2020-21,Saharsa,70257,191.95,15277,145.52,600,39.31,86134,376.78,10393,31.57,4277,12.63,39580,161.87,66179,252.78,7407,54.43
31,2020-21,Samastipur,211990,642,37527,340.26,1045,76.8,250562,1059.06,52945,180.01,17000,56.55,120786,460.02,171993,638.1,29903,176.93
32,2020-21,Saran,146632,422.74,33195,296.88,1456,100.24,181283,819.86,33068,112.59,11799,35.42,99083,389.56,123311,442.49,14347,109.33
33,2020-21,Sheikhpura,9002,27.22,3489,36.47,207,12.53,12698,76.22,1874,8.2,234,0.89,5035,27.1,9393,44.35,3210,16.95
34,2020-21,Sheohar,18975,59.89,2869,27.74,104,7.72,21948,95.35,4932,16.99,1438,5.33,9051,38.4,16706,59.08,2395,10.73
35,2020-21,Sitamarhi,129338,379.86,22846,234.5,1096,71.44,153280,685.8,30154,101.48,7469,23.12,68220,294.59,96787,377.74,14087,104.12
36,2020-21,Siwan,84447,269.8,21722,206.31,965,65.29,107134,541.4,16325,65.1,6180,23.7,54597,256.5,76755,317.32,12031,78.83
37,2020-21,Supaul,56128,146.44,10106,101.16,579,37.49,66813,285.09,7225,19.71,2362,6.62,33085,135.99,40610,142.02,12274,72.51
38,2020-21,Vaishali,163837,452.56,28431,278.82,1275,89.36,193543,820.74,46298,142.61,14424,40.79,80504,312.35,148731,524.53,16285,127.3
39,2020-21,West champaran,155856,401.91,28008,252.24,1047,71.54,184911,725.69,29347,83.75,17433,46.74,93331,349.72,142840,478.87,17147,112.53
Total,2020-21,Total,4487990,12720.1,772612,8156.54,46092,3143.13,5306694,24019.77,813317,2542.01,275762,812.51,2225052,8620.05,3262994,12013.17,516083,3653.5
1,2021-22,Araria,278072,944.03,34396,300.45,669,50.86,313137,1295.34,38498,139.59,7645,26.49,159824,648.44,164345,739.43,16637,80.78
2,2021-22,Arwal,10004,29.98,2165,25.48,242,18.04,12411,73.5,2928,10.17,729,2.32,5554,25.98,10229,46.19,627,9.42
3,2021-22,Aurangabad,112309,312.64,23844,208.6,991,76.58,137144,597.82,34081,113.06,8570,27.52,51629,213.06,118386,435.82,6161,49.79
4,2021-22,Banka,59236,181.13,12885,119.49,374,27.41,72495,328.03,10374,36.42,4335,14.34,40032,165.81,62093,258.67,5440,49.67
5,2021-22,Begusarai,231734,709.25,66966,513.93,1258,91.4,299958,1314.58,48876,177.77,13806,47.83,171567,697.37,245137,1019.88,17497,130.47
6,2021-22,Bhagalpur,122216,383.08,31780,298.54,1255,96.76,155251,778.38,14647,54.17,6691,23.61,74435,351.47,119526,547.51,13482,111.52
7,2021-22,Bhojpur,36831,116.34,13486,131.86,970,69.88,51287,318.08,5244,20.65,2272,8.55,28973,144.27,42576,205.55,7223,70.67
8,2021-22,Buxar,41125,131.04,10502,98.51,584,46.18,52211,275.73,10658,39.97,3302,11.92,27414,125.9,45644,193.41,6105,39.29
9,2021-22,Darbhanga,217587,663.03,50835,414.59,1294,97.04,269716,1174.66,52208,182.63,23064,78.29,120913,530.73,191646,750.27,20101,110.87
10,2021-22,East champaran,267053,847,70387,532.82,1429,108.25,338869,1488.07,53378,200.4,23295,83.52,172199,746.3,266166,1117.19,28561,150.87
11,2021-22,Gaya,100679,313.06,31477,307.43,1675,124.63,133831,745.12,37087,136.25,9236,33.42,54104,250.68,114951,491.88,15455,98.55
12,2021-22,Gopalganj,115628,360.06,32194,267.04,718,55.14,148540,682.24,18838,71.47,11543,38.75,79700,361.07,116486,513.57,9950,65.01
13,2021-22,Jamui,61351,190.07,17209,138.85,497,40.99,79057,369.91,14780,58.95,7020,24.98,32820,144.76,78627,338.66,9445,46.43
14,2021-22,Jehanabad,23785,74.53,8310,79.45,429,30.45,32524,184.43,5880,19.93,1663,5.64,14858,77.21,24978,117.62,1779,16.39
15,2021-22,Kaimur,37580,107.14,12278,108.29,436,33.65,50294,249.08,15480,58.54,2915,9.62,23801,106.55,48222,204.97,2065,23.36
16,2021-22,Katihar,123495,377.27,30645,266.52,1088,78.96,155228,722.75,13834,48.53,6058,24.15,62846,268.5,138860,601.49,15003,79.31
17,2021-22,Khagaria,100506,309.25,18984,166.78,451,34.55,119941,510.58,14299,48,3821,12.71,67308,277.51,97910,425.68,8469,55.35
18,2021-22,Kishanganj,62582,186.53,18258,188.72,331,24.67,81171,399.92,6201,28.14,1857,7.78,13384,67.15,77132,436.3,3763,24.21
19,2021-22,Lakhisarai,29931,95.44,8367,76.19,278,22.81,38576,194.44,4850,19.71,1388,4.86,20492,90.53,38270,180.21,3902,25.16
20,2021-22,Madhepura,120581,366.66,21018,188.62,555,42.31,142154,597.59,13652,45.19,5149,15.87,68432,278.54,104477,428.99,13327,72.4
21,2021-22,Madhubani,285314,860.11,60639,472.1,1066,79.46,347019,1411.67,64562,217.48,29013,95.41,149769,636.18,244311,934.75,22225,111.95
22,2021-22,Munger,47773,149.52,13616,132.83,506,40.1,61895,322.45,7758,28.76,1898,6.85,35588,160.3,60205,292.83,3522,35.33
23,2021-22,Muzaffarpur,252340,804.36,74965,607.92,2356,175.51,329661,1587.79,69078,266.73,23585,86.77,149984,701.37,254454,1108.9,23475,180.11
24,2021-22,Nalanda,48859,151.03,13740,152.16,1038,81.79,63637,384.98,12307,47.08,2560,9.54,25028,137.26,55720,252.11,7767,57.97
25,2021-22,Nawada,65089,205.53,19437,156.75,1027,73.62,85553,435.9,24519,89.4,5989,21.33,33248,155.58,78112,338.92,4609,40.43
26,2021-22,Other,760641,2552.42,7278,211.58,3052,186.79,770971,2950.79,56287,88.68,12399,19.53,132483,208.53,10288,53.5,36544,59.2
27,2021-22,Patna,228901,703.54,79521,822.46,6768,506.9,315190,2032.9,51246,191.68,12710,46.9,161827,842.14,259307,1199.42,29491,375.71
28,2021-22,Purnia,151443,480.5,34471,322.44,1919,139.26,187833,942.2,13638,49.76,6579,24.8,73884,360.4,136744,636.53,20151,144.69
29,2021-22,Rohtas,103922,306.12,24220,221.42,1471,116.16,129613,643.7,34138,118.43,7160,23.13,61103,257.98,121140,507.85,10934,76.12
30,2021-22,Saharsa,86958,276.48,18365,163.36,565,43.49,105888,483.33,11901,40.54,5387,17.09,46943,212.83,77797,337.21,11258,65.79
31,2021-22,Samastipur,277036,877.44,77336,619.28,1195,92.81,355567,1589.53,80168,304.62,25092,93.2,168762,734.57,272982,1181.34,24114,159.47
32,2021-22,Saran,168926,534.31,66450,520.79,1370,98.91,236746,1154.01,43489,162,17458,64.86,136403,646.55,224833,1072.18,11616,100.91
33,2021-22,Sheikhpura,10901,34.68,4590,49.42,226,18.3,15717,102.4,2303,12.06,510,2.04,6213,37.84,16059,83.73,4761,22.81
34,2021-22,Sheohar,28768,89.87,4686,41.46,160,12.74,33614,144.07,8658,28.6,2840,9.65,12729,52.56,28783,100.91,3104,14.49
35,2021-22,Sitamarhi,188446,574.95,34221,291.12,888,67.55,223555,933.62,40408,136.75,11554,37.17,97084,411.25,150755,600.17,12162,75.68
36,2021-22,Siwan,114356,359.18,38060,319.77,1182,89.35,153598,768.3,22384,83.07,10881,37.92,83041,417.59,139477,634.75,11665,86.46
37,2021-22,Supaul,80114,243.29,15265,143.31,545,39.34,95924,425.94,8759,29.49,2529,8.3,44560,179.27,64129,258.67,15317,80.43
38,2021-22,Vaishali,207484,619.09,52097,433.45,1267,96.9,260848,1149.44,65871,241.5,20603,73.13,104233,460.02,221137,929.44,18682,110.06
39,2021-22,West champaran,173905,534.67,46562,349.71,1064,77.38,221531,961.76,31374,113.95,17520,62.97,116998,499.9,183256,753.87,15130,93.78
Total,2021-22,Total,5433461,17054.62,1201505,10463.49,43189,3206.92,6678155,30725.03,1064641,3760.12,360626,1242.76,2930165,12683.95,4705150,20330.37,491519,3200.91
1,2022-23,Araria,232621,771.37,62760,548.32,1223,97.27,296604,1416.96,24597,93.47,8278,32.35,131950,588.76,222048,1019.48,48191,271.81
2,2022-23,Arwal,12883,41.26,4556,45.37,383,29.25,17822,115.88,4708,17.6,1172,4.63,8661,42.33,12415,56.37,1718,35.56
3,2022-23,Aurangabad,101861,344.25,32425,295.05,1500,123.11,135786,762.41,32729,137.45,7370,28.67,61371,296.44,103082,520.73,25769,215.15
4,2022-23,Banka,77870,279.05,21944,218.04,663,50.29,100477,547.38,13403,54.94,4737,19.06,57255,270.67,77426,360.44,17508,156.61
5,2022-23,Begusarai,236381,815.53,84968,724.61,1708,137.15,323057,1677.29,57562,233.85,14879,57.8,186613,857.55,245796,1107.2,35082,324.04
6,2022-23,Bhagalpur,119008,431.89,47932,488.27,2032,162.25,168972,1082.41,17080,75.05,6336,27.21,84916,457.87,120152,602.67,25087,291.75
7,2022-23,Bhojpur,60199,213.41,24045,229.37,1325,98.71,85569,541.49,10709,48.28,3888,15.83,48686,246.45,66170,323.97,19229,175
8,2022-23,Buxar,57132,196.08,17840,170.38,854,68.81,75826,435.27,13759,58.97,3719,16.18,43223,207.54,59665,262.76,12855,111.92
9,2022-23,Darbhanga,262448,878.09,76744,650.97,1907,145.15,341099,1674.21,73585,289.81,24175,94.99,159080,765.29,244053,1046.07,56551,361.32
10,2022-23,East champaran,302945,1077.56,113848,908.47,2334,179.93,419127,2165.96,61186,260.91,20550,86.99,235639,1163.54,289783,1410.67,60857,425
11,2022-23,Gaya,161188,567.78,89386,727.92,2848,218.97,253422,1514.67,68073,283.09,12456,53.05,76526,398.58,169833,818.68,38966,653.64
12,2022-23,Gopalganj,137490,461.59,47945,413.31,1151,91.73,186586,966.63,25940,104.5,10711,39.89,98483,483.22,135310,635.68,26251,187.58
13,2022-23,Jamui,76671,271.68,29817,253.24,724,58.36,107212,583.28,21511,97.31,6773,28.04,51126,251.79,92612,444.43,19513,140.63
14,2022-23,Jehanabad,28878,107.49,11320,117.25,560,43.35,40758,268.09,9068,38.59,1796,9.07,18080,101.3,27161,129.18,4610,59.61
15,2022-23,Kaimur,33515,116.51,17711,161.24,694,50.76,51920,328.51,14565,67.84,2090,8.95,25101,141.6,41327,247.42,6729,80.65
16,2022-23,Katihar,133958,449.97,46555,434.23,1575,124.42,182088,1008.62,14072,53.04,5778,28,77908,371.5,155511,723.83,21996,199.64
17,2022-23,Khagaria,125819,438.18,39115,329.37,753,58.62,165687,826.17,24641,98.82,4906,20.08,97664,457.22,130032,590.23,25401,179.5
18,2022-23,Kishanganj,92966,281.62,37043,351.58,497,37.75,130506,670.95,7340,25.31,2426,11.77,16955,93.49,99770,489.77,4679,54.65
19,2022-23,Lakhisarai,44128,151.65,14060,131.22,461,37.5,58649,320.37,6625,31.49,1969,7.41,34728,156.52,52324,244.94,11411,92.95
20,2022-23,Madhepura,136928,461.13,46613,375.58,780,61.09,184321,897.8,15591,63.49,5412,22.39,96878,457.15,135064,617.17,30123,194.46
21,2022-23,Madhubani,333167,1117.14,82840,672.44,1712,132.79,417719,1922.37,76500,285.78,26218,97.92,202533,943.16,291241,1251.72,59401,358.23
22,2022-23,Munger,47180,165.39,20032,200.43,803,64.9,68015,430.72,7739,34.2,1926,8.68,38229,193.97,55387,283.56,7098,94.97
23,2022-23,Muzaffarpur,335465,1151.36,114451,962.37,3154,247.58,453070,2361.31,93747,379.26,26074,102.08,225673,1100.84,332043,1506.26,58157,436.9
24,2022-23,Nalanda,72575,267.04,25504,265.52,1705,137.81,99784,670.37,25832,113.42,4096,19.14,37459,226.01,75082,375.87,23330,222.95
25,2022-23,Nawada,83067,279.41,29176,246.42,1553,108.77,113796,634.6,33605,129.98,7723,29.22,44309,221.91,95929,429.86,12987,148.74
26,2022-23,Other,591873,2282.81,346697,2233.59,3519,217.82,942089,4734.22,42,0.4,10,0.04,194,3.11,932638,4318.69,NA,NA
27,2022-23,Patna,280151,974.19,121090,1325.6,8981,731.2,410222,3030.99,66023,276.18,14339,65.12,191956,1055.59,303245,1478.37,53568,705.07
28,2022-23,Purnia,188396,662.58,61708,572.59,2103,167.17,252207,1402.34,17303,75.29,6608,30.85,110658,549.01,172433,834.49,30474,280.76
29,2022-23,Rohtas,113078,379.58,36702,342.13,1933,152.72,151713,874.43,40553,161.58,8746,34.56,70542,341.92,130856,620.21,22394,209.8
30,2022-23,Saharsa,97217,326.99,28980,251.78,909,70.3,127106,649.07,18573,73.39,6411,23.97,62045,298.69,92843,425.64,19607,149.45
31,2022-23,Samastipur,357007,1253.31,120928,1013.78,2192,175.44,480127,2442.53,110586,452.07,28332,115.42,228720,1100.08,343621,1583.16,70135,496.89
32,2022-23,Saran,209521,717.42,94957,802.11,2026,154.92,306504,1674.45,47870,188.94,15622,63.54,174174,880.07,234120,1185.19,25107,240.86
33,2022-23,Sheikhpura,22416,81.51,6889,72.15,463,37.4,29768,191.06,5601,25.83,1473,6.08,13933,79.22,22051,111.5,7671,55.91
34,2022-23,Sheohar,43933,152.37,8595,76.56,264,21.08,52792,250.01,12682,47.22,4769,18.64,24706,112.3,40353,157.2,10809,58.63
35,2022-23,Sitamarhi,248536,816.1,73713,614.37,1583,123.36,323832,1553.83,61916,226.19,14759,54.9,160685,736.85,211832,935.32,44042,276.72
36,2022-23,Siwan,151672,496.86,61345,524.79,1709,133.75,214726,1155.4,30897,118.54,12842,46.09,112991,579.32,165543,805.57,30126,223.23
37,2022-23,Supaul,110685,376.52,28567,254.03,1021,77.05,140273,707.6,14897,57.8,3946,15.85,77954,358.4,95101,450.36,31199,219.16
38,2022-23,Vaishali,243650,834.72,79228,667.48,1987,156.45,324865,1658.65,81927,320.24,21183,81.66,144851,713.47,261179,1168.43,41965,290.59
39,2022-23,West champaran,189841,674.09,63851,515.5,1443,110.68,255135,1300.27,36892,150.27,13086,55.12,145282,703.96,197360,927.14,43832,276.31
Total,2022-23,Total,6154319,21365.48,2271880,19187.43,63032,4895.66,8489231,45448.57,1299929,5250.39,367584,1481.24,3677737,18006.69,6532391,30500.23,1084428,8956.64
1,2023-24,Araria,275778,1001.88,105702,898.12,1469,112.7,382949,2012.7,35158,148.26,12151,51.69,171573,805.53,199951,888.89,62525,349.1
2,2023-24,Arwal,12442,47.19,6029,59.9,503,41.05,18974,148.14,5568,26.04,1097,5.31,8018,46.21,8537,41.75,2223,42.17
3,2023-24,Aurangabad,125699,462.18,67406,594.44,1992,168.99,195097,1225.61,38193,176.99,8193,37.61,57768,299.18,105678,495.25,25881,221.22
4,2023-24,Banka,83837,313.2,37165,319.57,648,48.52,121650,681.29,16303,73.46,5445,24.36,69506,341.57,90915,422.45,18177,137.77
5,2023-24,Begusarai,196883,730.06,119722,988.72,1752,139.43,318357,1858.21,59495,281.79,15441,72.52,163599,853.93,233697,1113.79,34611,294
6,2023-24,Bhagalpur,142873,537.7,84272,763.33,1995,156.72,229140,1457.75,23363,111.48,8542,41.43,111732,586.54,126459,618.05,30593,283.73
7,2023-24,Bhojpur,57869,216.53,32076,306.1,1601,127.06,91546,649.69,11045,55.09,3939,20.79,46486,255.9,56626,273.93,21622,208.02
8,2023-24,Buxar,59931,214.23,24993,233.64,1009,80.12,85933,527.99,15070,65.16,3649,17.76,46196,234.61,56796,244.37,15881,138.68
9,2023-24,Darbhanga,259067,981.93,113920,920.75,2363,176.63,375350,2079.31,76295,357.56,24963,114.17,161846,850.67,248034,1193.26,66120,418.99
10,2023-24,East champaran,272921,1064.24,150547,1240.18,2843,216.8,426311,2521.22,60925,304.38,18230,89.98,230148,1229.54,277429,1402.97,84481,574.42
11,2023-24,Gaya,186401,685.76,116810,937.26,3512,273.93,306723,1896.95,91873,422.05,17881,91.14,92797,493.62,258605,1242.84,130038,789.68
12,2023-24,Gopalganj,141014,528.54,67687,553.53,1403,108.81,210104,1190.88,28488,134.82,11257,51,103369,544.91,138441,664.41,41608,259.27
13,2023-24,Jamui,89226,332.85,46041,385.5,715,58.1,135982,776.45,27769,128.33,9831,43.28,56672,293.55,94087,443.65,28390,174.53
14,2023-24,Jehanabad,27534,108.67,19170,188.94,681,53.38,47385,350.99,9914,48.6,2111,12.44,16663,106.31,25653,142.81,4720,63.86
15,2023-24,Kaimur,33039,115.91,24644,236.18,1086,87.56,58769,439.65,13943,75.81,2284,12.07,22916,136.18,40189,220.75,13913,147.02
16,2023-24,Katihar,144472,530.7,75113,656.88,1797,141.33,221382,1328.91,18945,89.64,6596,32.33,87473,454.53,149838,700.1,31587,257.26
17,2023-24,Khagaria,143705,531.26,64060,531.92,863,66.72,208628,1129.9,31362,137.11,7279,32.43,116455,578.24,141124,641.56,34844,234.87
18,2023-24,Kishanganj,87259,309.91,64706,598.56,629,47.09,152594,955.56,9288,42.67,3544,15.3,29066,151.47,52839,240.51,6673,67.36
19,2023-24,Lakhisarai,44208,165.25,23156,218.67,610,50.07,67974,433.99,7599,35.4,1923,9.21,36224,184.83,48296,232.11,14875,129.3
20,2023-24,Madhepura,163725,583.01,75936,610.94,915,70.8,240576,1264.75,23052,102.83,7460,32.58,126114,606.46,138491,627.69,39891,242.04
21,2023-24,Madhubani,358991,1317.74,133971,1068.82,2578,184.63,495540,2571.19,91106,400.49,29323,130.41,216608,1110.73,305411,1437.77,68726,441.99
22,2023-24,Munger,48936,174.16,32903,301.34,955,77.48,82794,552.98,9390,46.43,2550,13.03,41272,224.92,51458,245.74,13588,130.41
23,2023-24,Muzaffarpur,328399,1245.04,165265,1390.16,3322,256.9,496986,2892.1,96912,460.62,26453,122.64,229855,1215.74,328978,1576.48,86754,591.28
24,2023-24,Nalanda,69299,267.24,41086,396.95,2251,180.97,112636,845.16,28051,142.32,5346,26.58,37380,250.14,69822,348.48,24354,246.68
25,2023-24,Nawada,91144,336.41,45644,397.81,1787,142.96,138575,877.18,39562,178.79,8544,39.27,50691,270,90426,430.75,21270,201.08
26,2023-24,Other,360011,1477.78,625141,3935.22,2330,143.5,987482,5556.5,2444,102.6,200,8.56,55,2.38,980477,5261.26,3293,136.1
27,2023-24,Patna,296241,1115.95,166453,1726.27,9922,807.2,472616,3649.42,67469,327.56,15948,80.76,188929,1115.26,303123,1441.39,67599,755.64
28,2023-24,Purnia,194474,710.79,97153,846.97,2384,187.09,294011,1744.85,21635,98.28,7384,34.84,118560,621.57,149532,715.14,38313,321.98
29,2023-24,Rohtas,117178,422.61,53108,473,2255,181.71,172541,1077.32,46070,210.27,11392,50.53,73084,390.74,132837,627.68,31259,271.08
30,2023-24,Saharsa,108580,390.27,48660,407.31,1043,80.76,158283,878.34,24935,107.6,6797,29.56,75631,382.02,100706,470.18,17919,149.15
31,2023-24,Samastipur,340319,1261.99,169964,1427.82,2640,208.14,512923,2897.95,118763,547.73,28435,132.65,223682,1157.48,322943,1510.27,78838,572.37
32,2023-24,Saran,187998,722.81,117365,1000.28,2336,163.8,307699,1886.89,46918,227.26,13235,62.58,161713,882.22,181449,893.47,47402,342.74
33,2023-24,Sheikhpura,27560,105.4,9761,99.59,603,49.82,37924,254.81,9505,45.27,2295,10.13,14388,87.26,21728,103.21,7383,68.32
34,2023-24,Sheohar,37615,143.45,15308,139.24,431,35.33,53354,318.02,11714,55.02,3632,17.4,24187,121.86,44114,200.91,13325,87.04
35,2023-24,Sitamarhi,250072,928.34,100876,829.81,1758,136.91,352706,1895.06,62705,285.41,15328,71.15,170232,854.31,216872,1003.65,56756,339.41
36,2023-24,Siwan,148774,559.43,83797,713.52,1991,152.26,234562,1425.21,28732,136.15,10203,46.02,113872,624.59,143358,717.03,43777,297.6
37,2023-24,Supaul,150214,542.54,46166,399.11,1235,94.51,197615,1036.16,19976,83.87,4513,19.32,106849,493.72,115849,516.57,41861,290.83
38,2023-24,Vaishali,232035,837.49,126569,1054.32,2299,175.31,360903,2067.12,90618,415.93,24759,111.93,145337,773.53,252863,1190.84,45133,321.08
39,2023-24,West champaran,190186,728.43,74715,622.39,1802,134.12,266703,1484.94,35589,165.4,9642,47.59,151822,775.62,191248,925,65030,398.8
Total,2023-24,Total,6085909,22748.87,3473060,28473.06,72308,5619.21,9631277,56841.14,1455742,6854.47,397795,1862.35,3898768,20407.87,6494879,31466.96,1481233,10996.87
1,2024-25,Araria,74654,268.56,44445,409.97,864,68.52,119963,747.05,12326,58.65,3659,19.56,48751,253.39,66867,321.5,21769,149.09
2,2024-25,Arwal,6308,24.63,2417,27.1,331,27.63,9056,79.36,1934,9.81,436,2.52,2717,16.75,4714,22.48,1764,24.83
3,2024-25,Aurangabad,29286,115.47,14610,145.31,1115,92.71,45011,353.49,12775,64.66,2455,13.82,17026,98.69,31801,164.68,12353,106.9
4,2024-25,Banka,32090,121.92,16532,159.04,396,29.37,49018,310.33,7150,34.34,2118,10.78,27274,140.9,37276,183.25,13662,96.78
5,2024-25,Begusarai,62655,234.67,46817,416.3,1236,101.13,110708,752.1,21036,108.97,5417,28.91,55093,310.87,81277,416.72,15527,168.58
6,2024-25,Bhagalpur,52495,192.97,38733,389.16,1325,102.66,92553,684.79,10196,54.06,3728,19.96,42362,229.07,54192,289.96,14552,157.23
7,2024-25,Bhojpur,22169,86.86,14770,144.99,938,76.21,37877,308.06,5135,28.52,1711,10.43,15721,90.79,23493,121.1,10339,112.84
8,2024-25,Buxar,18704,70.94,12006,112.93,623,50.99,31333,234.86,5456,26.85,1185,8.01,14625,81.48,18843,87.62,7192,72.51
9,2024-25,Darbhanga,76583,284.64,47668,414.28,1531,108.05,125782,806.97,26425,130.13,8409,40.74,55131,303.96,88319,447.83,23329,193.28
10,2024-25,East champaran,86829,334,65724,558.29,1921,139.58,154474,1031.87,25684,131.25,9477,48.66,76059,418.63,100503,537.86,31023,271.35
11,2024-25,Gaya,68005,259.88,39985,360.51,2005,159.18,109995,779.57,35468,169.39,5758,30.1,30472,171.55,92595,467.83,45142,290.03
12,2024-25,Gopalganj,39126,148.75,28338,255.19,914,62.91,68378,466.85,11683,60.04,4073,19.9,29690,174.23,49680,273.63,16715,125.04
13,2024-25,Jamui,32559,120.93,21245,190.79,458,36.17,54262,347.89,12097,60.02,4370,20.13,19790,108.08,38227,195.12,13397,87.61
14,2024-25,Jehanabad,10199,39.78,8456,94.89,388,31.15,19043,165.82,4076,21.46,932,6.04,5256,40.34,11875,72.08,3489,39.73
15,2024-25,Kaimur,14258,53.97,10296,106.57,690,54.72,25244,215.26,6484,35.79,1207,6.9,7962,48.37,17309,93.81,7847,84.67
16,2024-25,Katihar,48328,173.41,33670,306.28,1222,94.74,83220,574.43,7631,42.44,2895,16.53,38734,209.86,56572,280.8,12280,132.69
17,2024-25,Khagaria,35050,132.24,20033,195.31,596,46.78,55679,374.33,8544,42.22,1698,10.61,28948,159.12,36673,181.4,12462,109.09
18,2024-25,Kishanganj,36367,124.61,31417,305.23,420,31.39,68204,461.23,6049,33.99,2322,11.05,16778,89.41,31801,157.41,5138,48.99
19,2024-25,Lakhisarai,13578,53.19,9619,102.37,439,35.29,23636,190.85,3409,18.63,706,4.57,10260,60.28,15980,86.22,6358,67.79
20,2024-25,Madhepura,46101,166.66,27744,251.48,625,45.67,74470,463.81,6832,33.87,2138,10.54,35160,187.2,45503,221.57,15419,115.58
21,2024-25,Madhubani,93906,340.33,52145,464.61,1897,124.22,147948,929.16,29716,139.05,8527,41.95,62761,353.83,104398,539.59,27025,223.67
22,2024-25,Munger,19518,71.08,14346,143.6,711,55.97,34575,270.65,4545,24.3,1157,6.87,15847,94.01,22296,110.6,7207,71.84
23,2024-25,Muzaffarpur,112797,434.21,66114,604.7,2147,155.71,181058,1194.62,34685,178.36,9289,46.06,85618,461.88,129051,660.66,49963,344.8
24,2024-25,Nalanda,27498,108.29,20474,214.02,1347,106.73,49319,429.04,12583,67.23,2588,14.53,15256,112.33,31116,172,12823,125.88
25,2024-25,Nawada,33387,129.3,21386,198.75,1018,82.75,55791,410.8,16980,83.07,3118,15.71,16641,98.63,37515,193.23,14488,119.46
26,2024-25,Other,NA,NA,NA,NA,NA,NA,NA,NA,NA,NA,NA,NA,NA,NA,NA,NA,NA,NA
27,2024-25,Patna,181711,731.43,77499,920.2,6116,485.3,265326,2136.93,36928,189.91,7143,44.05,131707,708.27,190080,910.33,106125,730.49
28,2024-25,Purnia,57786,210.18,38538,367.48,1672,129.54,97996,707.2,8825,45.28,2706,14.68,38475,231.18,58617,296.86,20544,196.56
29,2024-25,Rohtas,38936,146.27,20706,205.15,1433,116.83,61075,468.25,16681,82.72,3584,18.01,22764,133.41,43834,221.96,12885,123.72
30,2024-25,Saharsa,39956,138.03,18712,171.52,727,52.93,59395,362.48,8672,38.63,2358,11.46,22869,119.75,40673,185.46,13225,95.12
31,2024-25,Samastipur,99125,373.95,64996,598.51,1595,128.67,165716,1101.13,42723,217.56,9435,47.42,64902,366.32,105920,548.39,30115,265.82
32,2024-25,Saran,60911,240.34,45206,411.55,1809,114.23,107926,766.12,16786,89.85,4764,26.51,48941,275.91,66097,345.98,21910,199.57
33,2024-25,Sheikhpura,10270,39.89,4969,51.82,358,28.99,15597,120.7,4097,21.05,1047,5.27,5949,40.36,9527,48.79,4579,38.15
34,2024-25,Sheohar,15130,56.28,7509,67.48,217,17.44,22856,141.2,4677,22.79,2302,11.15,8640,48.5,16237,73.83,4281,38.46
35,2024-25,Sitamarhi,57449,207.99,32131,280.93,1033,78.6,90613,567.52,21413,101.22,4915,24.5,40818,215.79,61726,292.82,15876,133.32
36,2024-25,Siwan,46400,179.6,34291,317.08,1381,97.38,82072,594.06,10058,54.24,3578,19.56,38016,217.79,53007,291.82,21812,157.72
37,2024-25,Supaul,40485,147.22,19290,182.47,918,68.32,60693,398.01,7546,34.43,1921,10.02,26878,146.64,37894,179.73,15399,140.57
38,2024-25,Vaishali,68496,257.29,48900,460.39,1372,94.13,118768,811.81,29963,156.43,7662,39.43,47031,297.92,83641,463.9,17488,149.02
39,2024-25,West champaran,64342,241.07,32957,279.39,1166,89.01,98465,609.47,15791,77.71,5475,27.72,52564,281.26,76577,371.35,25961,193.12
Total,2024-25,Total,1873447,7060.83,1154694,10885.64,44954,3421.6,3073095,21368.07,553059,2788.92,146263,764.66,1323486,7396.75,2071706,10530.17,711463,5801.9
